"2023-11-20T15:28:52.538800-0300","10.11.7.120","45.154.98.21","alert"
"2023-11-20T15:29:49.199095-0300","10.11.7.120","45.154.98.21","alert"
"2023-11-20T15:29:49.199095-0300","10.11.7.120","45.154.98.21","alert"
"2023-11-20T15:29:49.199095-0300","10.11.7.120","45.154.98.21","alert"
"2023-11-20T15:29:49.199095-0300","10.11.7.120","45.154.98.21","alert"
"2023-11-20T15:29:49.524823-0300","45.154.98.21","10.11.7.120","alert"
"2023-11-20T15:29:49.524823-0300","45.154.98.21","10.11.7.120","alert"
"2023-11-20T15:29:50.907276-0300","10.11.7.120","45.154.98.21","alert"
"2023-11-20T15:29:50.907276-0300","10.11.7.120","45.154.98.21","alert"
"2023-11-20T15:30:00.736481-0300","10.11.7.120","188.246.224.221","alert"
"2023-11-20T15:30:00.736481-0300","10.11.7.120","188.246.224.221","alert"
"2023-11-20T15:30:01.121137-0300","10.11.7.120","188.246.224.221","alert"
"2023-11-20T15:30:05.509462-0300","10.11.7.120","188.246.224.221","alert"
"2023-11-20T15:30:09.087361-0300","10.11.7.120","10.11.7.17","alert"
"2023-11-20T15:30:09.898772-0300","10.11.7.120","188.246.224.221","alert"
"2023-11-20T15:30:14.306178-0300","10.11.7.120","188.246.224.221","alert"
"2023-11-20T15:30:18.698468-0300","10.11.7.120","188.246.224.221","alert"
"2023-11-20T15:30:23.095148-0300","10.11.7.120","188.246.224.221","alert"
"2023-11-20T15:30:27.503189-0300","10.11.7.120","188.246.224.221","alert"
"2023-11-20T15:30:31.923337-0300","10.11.7.120","188.246.224.221","alert"
"2023-11-20T15:30:36.339803-0300","10.11.7.120","188.246.224.221","alert"
"2023-11-20T15:30:39.134383-0300","10.11.7.120","10.11.7.17","alert"
"2023-11-20T15:30:40.740754-0300","10.11.7.120","188.246.224.221","alert"
"2023-11-20T15:30:45.139702-0300","10.11.7.120","188.246.224.221","alert"
"2023-11-20T15:30:49.550572-0300","10.11.7.120","188.246.224.221","alert"
"2023-11-20T15:30:53.951906-0300","10.11.7.120","188.246.224.221","alert"
"2023-11-20T15:30:58.344150-0300","10.11.7.120","188.246.224.221","alert"
"2023-11-20T15:31:02.754475-0300","10.11.7.120","188.246.224.221","alert"
"2023-11-20T15:31:07.158196-0300","10.11.7.120","188.246.224.221","alert"
"2023-11-20T15:31:09.196734-0300","10.11.7.120","10.11.7.17","alert"
"2023-11-20T15:31:11.546896-0300","10.11.7.120","188.246.224.221","alert"
"2023-11-20T15:31:15.937447-0300","10.11.7.120","188.246.224.221","alert"
"2023-11-20T15:31:20.349198-0300","10.11.7.120","188.246.224.221","alert"
"2023-11-20T15:31:24.756797-0300","10.11.7.120","188.246.224.221","alert"
"2023-11-20T15:31:29.152106-0300","10.11.7.120","188.246.224.221","alert"
"2023-11-20T15:31:33.563914-0300","10.11.7.120","188.246.224.221","alert"
"2023-11-20T15:31:44.981460-0300","10.11.7.120","188.246.224.221","alert"
"2023-11-20T15:31:49.388856-0300","10.11.7.120","188.246.224.221","alert"
"2023-11-20T15:31:53.761041-0300","10.11.7.120","188.246.224.221","alert"
"2023-11-20T15:31:58.157168-0300","10.11.7.120","188.246.224.221","alert"
"2023-11-20T15:32:02.561305-0300","10.11.7.120","188.246.224.221","alert"
"2023-11-20T15:32:06.952227-0300","10.11.7.120","188.246.224.221","alert"
"2023-11-20T15:32:11.351311-0300","10.11.7.120","188.246.224.221","alert"
"2023-11-20T15:32:15.757824-0300","10.11.7.120","188.246.224.221","alert"
"2023-11-20T15:32:20.180475-0300","10.11.7.120","188.246.224.221","alert"
"2023-11-20T15:32:24.577178-0300","10.11.7.120","188.246.224.221","alert"
"2023-11-20T15:32:36.027792-0300","10.11.7.120","188.246.224.221","alert"
"2023-11-20T15:32:40.413241-0300","10.11.7.120","188.246.224.221","alert"
"2023-11-20T15:32:44.810619-0300","10.11.7.120","188.246.224.221","alert"
"2023-11-20T15:32:49.204911-0300","10.11.7.120","188.246.224.221","alert"
"2023-11-20T15:32:53.592450-0300","10.11.7.120","188.246.224.221","alert"
"2023-11-20T15:32:58.002991-0300","10.11.7.120","188.246.224.221","alert"
"2023-11-20T15:33:02.394526-0300","10.11.7.120","188.246.224.221","alert"
"2023-11-20T15:33:06.795814-0300","10.11.7.120","188.246.224.221","alert"
"2023-11-20T15:33:11.319830-0300","10.11.7.120","188.246.224.221","alert"
"2023-11-20T15:33:15.709582-0300","10.11.7.120","188.246.224.221","alert"
"2023-11-20T15:33:20.115271-0300","10.11.7.120","188.246.224.221","alert"
"2023-11-20T15:33:24.504662-0300","10.11.7.120","188.246.224.221","alert"
"2023-11-20T15:33:28.881356-0300","10.11.7.120","188.246.224.221","alert"
"2023-11-20T15:33:33.280332-0300","10.11.7.120","188.246.224.221","alert"
"2023-11-20T15:33:37.688929-0300","10.11.7.120","188.246.224.221","alert"
"2023-11-20T15:33:42.089071-0300","10.11.7.120","188.246.224.221","alert"
"2023-11-20T15:33:46.473427-0300","10.11.7.120","188.246.224.221","alert"
"2023-11-20T15:33:50.873748-0300","10.11.7.120","188.246.224.221","alert"
"2023-11-20T15:33:55.283928-0300","10.11.7.120","188.246.224.221","alert"
"2023-11-20T15:33:59.690449-0300","10.11.7.120","188.246.224.221","alert"
"2023-11-20T15:34:04.093435-0300","10.11.7.120","188.246.224.221","alert"
"2023-11-20T15:34:08.496273-0300","10.11.7.120","188.246.224.221","alert"
"2023-11-20T15:34:12.887056-0300","10.11.7.120","188.246.224.221","alert"
"2023-11-20T15:34:17.283307-0300","10.11.7.120","188.246.224.221","alert"
"2023-11-20T15:34:21.680308-0300","10.11.7.120","188.246.224.221","alert"
"2023-11-20T15:34:26.090564-0300","10.11.7.120","188.246.224.221","alert"
"2023-11-20T15:34:30.483216-0300","10.11.7.120","188.246.224.221","alert"
"2023-11-20T15:34:34.905811-0300","10.11.7.120","188.246.224.221","alert"
"2023-11-20T15:34:39.325207-0300","10.11.7.120","188.246.224.221","alert"
"2023-11-20T15:34:43.722480-0300","10.11.7.120","188.246.224.221","alert"
"2023-11-20T15:34:48.122716-0300","10.11.7.120","188.246.224.221","alert"
"2023-11-20T15:34:52.529979-0300","10.11.7.120","188.246.224.221","alert"
"2023-11-20T15:34:56.920282-0300","10.11.7.120","188.246.224.221","alert"
"2023-11-20T15:35:01.310271-0300","10.11.7.120","188.246.224.221","alert"
"2023-11-20T15:35:05.722615-0300","10.11.7.120","188.246.224.221","alert"
"2023-11-20T15:35:10.114054-0300","10.11.7.120","188.246.224.221","alert"
"2023-11-20T15:35:14.513910-0300","10.11.7.120","188.246.224.221","alert"
"2023-11-20T15:35:18.919438-0300","10.11.7.120","188.246.224.221","alert"
"2023-11-20T15:35:23.333923-0300","10.11.7.120","188.246.224.221","alert"
"2023-11-20T15:35:27.730138-0300","10.11.7.120","188.246.224.221","alert"
"2023-11-20T15:35:27.730138-0300","10.11.7.120","188.246.224.221","alert"
"2023-11-20T15:35:32.107961-0300","10.11.7.120","188.246.224.221","alert"
"2023-11-20T15:35:36.516635-0300","10.11.7.120","188.246.224.221","alert"
"2023-11-20T15:35:40.908066-0300","10.11.7.120","188.246.224.221","alert"
"2023-11-20T15:35:45.328797-0300","10.11.7.120","188.246.224.221","alert"
"2023-11-20T15:35:49.726476-0300","10.11.7.120","188.246.224.221","alert"
"2023-11-20T15:35:54.101184-0300","10.11.7.120","188.246.224.221","alert"
"2023-11-20T15:35:58.504212-0300","10.11.7.120","188.246.224.221","alert"
"2023-11-20T15:36:02.903087-0300","10.11.7.120","188.246.224.221","alert"
"2023-11-20T15:36:07.327237-0300","10.11.7.120","188.246.224.221","alert"
"2023-11-20T15:36:11.731858-0300","10.11.7.120","188.246.224.221","alert"
"2023-11-20T15:36:16.134128-0300","10.11.7.120","188.246.224.221","alert"
"2023-11-20T15:36:20.510491-0300","10.11.7.120","188.246.224.221","alert"
"2023-11-20T15:36:24.911686-0300","10.11.7.120","188.246.224.221","alert"
"2023-11-20T15:36:29.313548-0300","10.11.7.120","188.246.224.221","alert"
"2023-11-20T15:36:33.712634-0300","10.11.7.120","188.246.224.221","alert"
"2023-11-20T15:36:38.100618-0300","10.11.7.120","188.246.224.221","alert"
"2023-11-20T15:36:42.510925-0300","10.11.7.120","188.246.224.221","alert"
"2023-11-20T15:36:46.904918-0300","10.11.7.120","188.246.224.221","alert"
"2023-11-20T15:36:51.326998-0300","10.11.7.120","188.246.224.221","alert"
"2023-11-20T15:36:55.715292-0300","10.11.7.120","188.246.224.221","alert"
"2023-11-20T15:37:00.132388-0300","10.11.7.120","188.246.224.221","alert"
"2023-11-20T15:37:04.587268-0300","10.11.7.120","188.246.224.221","alert"
"2023-11-20T15:37:08.988149-0300","10.11.7.120","188.246.224.221","alert"
"2023-11-20T15:37:13.377224-0300","10.11.7.120","188.246.224.221","alert"
"2023-11-20T15:37:17.783751-0300","10.11.7.120","188.246.224.221","alert"
"2023-11-20T15:37:22.177783-0300","10.11.7.120","188.246.224.221","alert"
"2023-11-20T15:37:26.579460-0300","10.11.7.120","188.246.224.221","alert"
"2023-11-20T15:37:30.981215-0300","10.11.7.120","188.246.224.221","alert"
"2023-11-20T15:37:35.367266-0300","10.11.7.120","188.246.224.221","alert"
"2023-11-20T15:37:39.760286-0300","10.11.7.120","188.246.224.221","alert"
"2023-11-20T15:37:44.155061-0300","10.11.7.120","188.246.224.221","alert"
"2023-11-20T15:37:48.576851-0300","10.11.7.120","188.246.224.221","alert"
"2023-11-20T15:37:52.965503-0300","10.11.7.120","188.246.224.221","alert"
"2023-11-20T15:37:57.361259-0300","10.11.7.120","188.246.224.221","alert"
"2023-11-20T15:38:01.738869-0300","10.11.7.120","188.246.224.221","alert"
"2023-11-20T15:38:06.138657-0300","10.11.7.120","188.246.224.221","alert"
"2023-11-20T15:38:10.545486-0300","10.11.7.120","188.246.224.221","alert"
"2023-11-20T15:38:14.961679-0300","10.11.7.120","188.246.224.221","alert"
"2023-11-20T15:38:19.369304-0300","10.11.7.120","188.246.224.221","alert"
"2023-11-20T15:38:23.753466-0300","10.11.7.120","188.246.224.221","alert"
"2023-11-20T15:38:28.158663-0300","10.11.7.120","188.246.224.221","alert"
"2023-11-20T15:38:32.573150-0300","10.11.7.120","188.246.224.221","alert"
"2023-11-20T15:38:36.962721-0300","10.11.7.120","188.246.224.221","alert"
"2023-11-20T15:38:41.355763-0300","10.11.7.120","188.246.224.221","alert"
"2023-11-20T15:38:45.759551-0300","10.11.7.120","188.246.224.221","alert"
"2023-11-20T15:38:50.158125-0300","10.11.7.120","188.246.224.221","alert"
"2023-11-20T15:38:54.558035-0300","10.11.7.120","188.246.224.221","alert"
"2023-11-20T15:38:58.954840-0300","10.11.7.120","188.246.224.221","alert"
"2023-11-20T15:39:03.352709-0300","10.11.7.120","188.246.224.221","alert"
"2023-11-20T15:39:07.744398-0300","10.11.7.120","188.246.224.221","alert"
"2023-11-20T15:39:12.138006-0300","10.11.7.120","188.246.224.221","alert"
"2023-11-20T15:39:16.523261-0300","10.11.7.120","188.246.224.221","alert"
"2023-11-20T15:39:20.928439-0300","10.11.7.120","188.246.224.221","alert"
"2023-11-20T15:39:25.327086-0300","10.11.7.120","188.246.224.221","alert"
"2023-11-20T15:39:29.739861-0300","10.11.7.120","188.246.224.221","alert"
"2023-11-20T15:39:34.145136-0300","10.11.7.120","188.246.224.221","alert"
"2023-11-20T15:39:38.589009-0300","10.11.7.120","188.246.224.221","alert"
"2023-11-20T15:39:42.994876-0300","10.11.7.120","188.246.224.221","alert"
"2023-11-20T15:39:47.393622-0300","10.11.7.120","188.246.224.221","alert"
"2023-11-20T15:39:51.786503-0300","10.11.7.120","188.246.224.221","alert"
"2023-11-20T15:39:56.176648-0300","10.11.7.120","188.246.224.221","alert"
"2023-11-20T15:40:00.583698-0300","10.11.7.120","188.246.224.221","alert"
"2023-11-20T15:40:04.986535-0300","10.11.7.120","188.246.224.221","alert"
"2023-11-20T15:40:09.375897-0300","10.11.7.120","188.246.224.221","alert"
"2023-11-20T15:40:13.779114-0300","10.11.7.120","188.246.224.221","alert"
"2023-11-20T15:40:18.177125-0300","10.11.7.120","188.246.224.221","alert"
"2023-11-20T15:40:22.556084-0300","10.11.7.120","188.246.224.221","alert"
"2023-11-20T15:40:26.953404-0300","10.11.7.120","188.246.224.221","alert"
"2023-11-20T15:40:31.350762-0300","10.11.7.120","188.246.224.221","alert"
"2023-11-20T15:40:35.741109-0300","10.11.7.120","188.246.224.221","alert"
"2023-11-20T15:40:40.162410-0300","10.11.7.120","188.246.224.221","alert"
"2023-11-20T15:40:44.555985-0300","10.11.7.120","188.246.224.221","alert"
"2023-11-20T15:40:48.958539-0300","10.11.7.120","188.246.224.221","alert"
"2023-11-20T15:40:48.958539-0300","10.11.7.120","188.246.224.221","alert"
"2023-11-20T15:40:53.345454-0300","10.11.7.120","188.246.224.221","alert"
"2023-11-20T15:40:57.735392-0300","10.11.7.120","188.246.224.221","alert"
"2023-11-20T15:41:02.115371-0300","10.11.7.120","188.246.224.221","alert"
"2023-11-20T15:41:06.495607-0300","10.11.7.120","188.246.224.221","alert"
"2023-11-20T15:41:10.900612-0300","10.11.7.120","188.246.224.221","alert"
"2023-11-20T15:41:15.330158-0300","10.11.7.120","188.246.224.221","alert"
"2023-11-20T15:41:19.712583-0300","10.11.7.120","188.246.224.221","alert"
"2023-11-20T15:41:24.179899-0300","10.11.7.120","188.246.224.221","alert"
"2023-11-20T15:41:28.579587-0300","10.11.7.120","188.246.224.221","alert"
"2023-11-20T15:41:32.973609-0300","10.11.7.120","188.246.224.221","alert"
"2023-11-20T15:41:37.377770-0300","10.11.7.120","188.246.224.221","alert"
"2023-11-20T15:41:41.764262-0300","10.11.7.120","188.246.224.221","alert"
"2023-11-20T15:41:46.154338-0300","10.11.7.120","188.246.224.221","alert"
"2023-11-20T15:41:50.554332-0300","10.11.7.120","188.246.224.221","alert"
"2023-11-20T15:41:54.939206-0300","10.11.7.120","188.246.224.221","alert"
"2023-11-20T15:41:59.335291-0300","10.11.7.120","188.246.224.221","alert"
"2023-11-20T15:42:03.700140-0300","10.11.7.120","188.246.224.221","alert"
"2023-11-20T15:42:08.111666-0300","10.11.7.120","188.246.224.221","alert"
"2023-11-20T15:42:12.517715-0300","10.11.7.120","188.246.224.221","alert"
"2023-11-20T15:42:16.913570-0300","10.11.7.120","188.246.224.221","alert"
"2023-11-20T15:42:21.304078-0300","10.11.7.120","188.246.224.221","alert"
"2023-11-20T15:42:25.696586-0300","10.11.7.120","188.246.224.221","alert"
"2023-11-20T15:42:30.098094-0300","10.11.7.120","188.246.224.221","alert"
"2023-11-20T15:42:34.510300-0300","10.11.7.120","188.246.224.221","alert"
"2023-11-20T15:42:38.940576-0300","10.11.7.120","188.246.224.221","alert"
"2023-11-20T15:42:43.343086-0300","10.11.7.120","188.246.224.221","alert"
"2023-11-20T15:42:47.744942-0300","10.11.7.120","188.246.224.221","alert"
"2023-11-20T15:42:52.148965-0300","10.11.7.120","188.246.224.221","alert"
"2023-11-20T15:42:56.540613-0300","10.11.7.120","188.246.224.221","alert"
"2023-11-20T15:43:00.929589-0300","10.11.7.120","188.246.224.221","alert"
"2023-11-20T15:43:05.333082-0300","10.11.7.120","188.246.224.221","alert"
"2023-11-20T15:43:09.741663-0300","10.11.7.120","188.246.224.221","alert"
"2023-11-20T15:43:14.157868-0300","10.11.7.120","188.246.224.221","alert"
"2023-11-20T15:43:18.585498-0300","10.11.7.120","188.246.224.221","alert"
"2023-11-20T15:43:22.989264-0300","10.11.7.120","188.246.224.221","alert"
"2023-11-20T15:43:27.397602-0300","10.11.7.120","188.246.224.221","alert"
"2023-11-20T15:43:31.779103-0300","10.11.7.120","188.246.224.221","alert"
"2023-11-20T15:43:36.192535-0300","10.11.7.120","188.246.224.221","alert"
"2023-11-20T15:43:40.584431-0300","10.11.7.120","188.246.224.221","alert"
"2023-11-20T15:43:45.016051-0300","10.11.7.120","188.246.224.221","alert"
"2023-11-20T15:43:49.402429-0300","10.11.7.120","188.246.224.221","alert"
"2023-11-20T15:43:53.826829-0300","10.11.7.120","188.246.224.221","alert"
"2023-11-20T15:43:58.221544-0300","10.11.7.120","188.246.224.221","alert"
"2023-11-20T15:44:02.624220-0300","10.11.7.120","188.246.224.221","alert"
"2023-11-20T15:44:07.028890-0300","10.11.7.120","188.246.224.221","alert"
"2023-11-20T15:44:11.464271-0300","10.11.7.120","188.246.224.221","alert"
"2023-11-20T15:44:15.871199-0300","10.11.7.120","188.246.224.221","alert"
"2023-11-20T15:44:20.268698-0300","10.11.7.120","188.246.224.221","alert"
"2023-11-20T15:44:24.663693-0300","10.11.7.120","188.246.224.221","alert"
"2023-11-20T15:44:29.052227-0300","10.11.7.120","188.246.224.221","alert"
"2023-11-20T15:44:33.453974-0300","10.11.7.120","188.246.224.221","alert"
"2023-11-20T15:44:37.860668-0300","10.11.7.120","188.246.224.221","alert"
"2023-11-20T15:44:42.231136-0300","10.11.7.120","188.246.224.221","alert"
"2023-11-20T15:44:46.607780-0300","10.11.7.120","188.246.224.221","alert"
"2023-11-20T15:44:51.015315-0300","10.11.7.120","188.246.224.221","alert"
"2023-11-20T15:44:55.400421-0300","10.11.7.120","188.246.224.221","alert"
"2023-11-20T15:44:59.798384-0300","10.11.7.120","188.246.224.221","alert"
"2023-11-20T15:45:04.187743-0300","10.11.7.120","188.246.224.221","alert"
"2023-11-20T15:45:08.582786-0300","10.11.7.120","188.246.224.221","alert"
"2023-11-20T15:45:12.980104-0300","10.11.7.120","188.246.224.221","alert"
"2023-11-20T15:45:17.382013-0300","10.11.7.120","188.246.224.221","alert"
"2023-11-20T15:45:21.785910-0300","10.11.7.120","188.246.224.221","alert"
"2023-11-20T15:45:26.175653-0300","10.11.7.120","188.246.224.221","alert"
"2023-11-20T15:45:30.585085-0300","10.11.7.120","188.246.224.221","alert"
"2023-11-20T15:45:34.956207-0300","10.11.7.120","188.246.224.221","alert"
"2023-11-20T15:45:39.352666-0300","10.11.7.120","188.246.224.221","alert"
"2023-11-20T15:45:43.760336-0300","10.11.7.120","188.246.224.221","alert"
"2023-11-20T15:45:48.179259-0300","10.11.7.120","188.246.224.221","alert"
"2023-11-20T15:45:52.547296-0300","10.11.7.120","188.246.224.221","alert"
"2023-11-20T15:45:56.949984-0300","10.11.7.120","188.246.224.221","alert"
"2023-11-20T15:46:01.370602-0300","10.11.7.120","188.246.224.221","alert"
"2023-11-20T15:46:05.764195-0300","10.11.7.120","188.246.224.221","alert"
"2023-11-20T15:46:10.161637-0300","10.11.7.120","188.246.224.221","alert"
"2023-11-20T15:46:10.161637-0300","10.11.7.120","188.246.224.221","alert"
"2023-11-20T15:46:14.584581-0300","10.11.7.120","188.246.224.221","alert"
"2023-11-20T15:46:18.975433-0300","10.11.7.120","188.246.224.221","alert"
"2023-11-20T15:46:23.368688-0300","10.11.7.120","188.246.224.221","alert"
"2023-11-20T15:46:27.792380-0300","10.11.7.120","188.246.224.221","alert"
"2023-11-20T15:46:32.190499-0300","10.11.7.120","188.246.224.221","alert"
"2023-11-20T15:46:36.568561-0300","10.11.7.120","188.246.224.221","alert"
"2023-11-20T15:46:40.976688-0300","10.11.7.120","188.246.224.221","alert"
"2023-11-20T15:46:45.364690-0300","10.11.7.120","188.246.224.221","alert"
"2023-11-20T15:46:49.755289-0300","10.11.7.120","188.246.224.221","alert"
"2023-11-20T15:46:54.154804-0300","10.11.7.120","188.246.224.221","alert"
"2023-11-20T15:46:58.543242-0300","10.11.7.120","188.246.224.221","alert"
"2023-11-20T15:47:02.948844-0300","10.11.7.120","188.246.224.221","alert"
"2023-11-20T15:47:07.345384-0300","10.11.7.120","188.246.224.221","alert"
"2023-11-20T15:47:11.749529-0300","10.11.7.120","188.246.224.221","alert"
"2023-11-20T15:47:16.147679-0300","10.11.7.120","188.246.224.221","alert"
"2023-11-20T15:47:20.547485-0300","10.11.7.120","188.246.224.221","alert"
"2023-11-20T15:47:24.955128-0300","10.11.7.120","188.246.224.221","alert"
"2023-11-20T15:47:29.357891-0300","10.11.7.120","188.246.224.221","alert"
"2023-11-20T15:47:33.778080-0300","10.11.7.120","188.246.224.221","alert"
"2023-11-20T15:47:38.180983-0300","10.11.7.120","188.246.224.221","alert"
"2023-11-20T15:47:42.583713-0300","10.11.7.120","188.246.224.221","alert"
"2023-11-20T15:47:46.984134-0300","10.11.7.120","188.246.224.221","alert"
"2023-11-20T15:47:51.364763-0300","10.11.7.120","188.246.224.221","alert"
"2023-11-20T15:47:55.759716-0300","10.11.7.120","188.246.224.221","alert"
"2023-11-20T15:48:00.182479-0300","10.11.7.120","188.246.224.221","alert"
"2023-11-20T15:48:04.589670-0300","10.11.7.120","188.246.224.221","alert"
"2023-11-20T15:48:09.013486-0300","10.11.7.120","188.246.224.221","alert"
"2023-11-20T15:48:13.416110-0300","10.11.7.120","188.246.224.221","alert"
"2023-11-20T15:48:17.833996-0300","10.11.7.120","188.246.224.221","alert"
"2023-11-20T15:48:22.206419-0300","10.11.7.120","188.246.224.221","alert"
"2023-11-20T15:48:26.585914-0300","10.11.7.120","188.246.224.221","alert"
"2023-11-20T15:48:30.991098-0300","10.11.7.120","188.246.224.221","alert"
"2023-11-20T15:48:35.399721-0300","10.11.7.120","188.246.224.221","alert"
"2023-11-20T15:48:39.816559-0300","10.11.7.120","188.246.224.221","alert"
"2023-11-20T15:48:44.220981-0300","10.11.7.120","188.246.224.221","alert"
"2023-11-20T15:48:48.615441-0300","10.11.7.120","188.246.224.221","alert"
"2023-11-20T15:48:53.006139-0300","10.11.7.120","188.246.224.221","alert"
"2023-11-20T15:48:57.395881-0300","10.11.7.120","188.246.224.221","alert"
"2023-11-20T15:49:01.796979-0300","10.11.7.120","188.246.224.221","alert"
"2023-11-20T15:49:06.216149-0300","10.11.7.120","188.246.224.221","alert"
"2023-11-20T15:49:10.596436-0300","10.11.7.120","188.246.224.221","alert"
"2023-11-20T15:49:15.106939-0300","10.11.7.120","188.246.224.221","alert"
"2023-11-20T15:49:19.507324-0300","10.11.7.120","188.246.224.221","alert"
"2023-11-20T15:49:23.916308-0300","10.11.7.120","188.246.224.221","alert"
"2023-11-20T15:49:28.332597-0300","10.11.7.120","188.246.224.221","alert"
"2023-11-20T15:49:32.716230-0300","10.11.7.120","188.246.224.221","alert"
"2023-11-20T15:49:37.112890-0300","10.11.7.120","188.246.224.221","alert"
"2023-11-20T15:49:41.504738-0300","10.11.7.120","188.246.224.221","alert"
"2023-11-20T15:49:45.914737-0300","10.11.7.120","188.246.224.221","alert"
"2023-11-20T15:49:50.332360-0300","10.11.7.120","188.246.224.221","alert"
"2023-11-20T15:49:54.715228-0300","10.11.7.120","188.246.224.221","alert"
"2023-11-20T15:49:59.114368-0300","10.11.7.120","188.246.224.221","alert"
"2023-11-20T15:50:03.503370-0300","10.11.7.120","188.246.224.221","alert"
"2023-11-20T15:50:07.903637-0300","10.11.7.120","188.246.224.221","alert"
"2023-11-20T15:50:12.305816-0300","10.11.7.120","188.246.224.221","alert"
"2023-11-20T15:50:16.702877-0300","10.11.7.120","188.246.224.221","alert"
"2023-11-20T15:50:21.112082-0300","10.11.7.120","188.246.224.221","alert"
"2023-11-20T15:50:25.506751-0300","10.11.7.120","188.246.224.221","alert"
"2023-11-20T15:50:29.921280-0300","10.11.7.120","188.246.224.221","alert"
"2023-11-20T15:50:34.324177-0300","10.11.7.120","188.246.224.221","alert"
"2023-11-20T15:50:38.734933-0300","10.11.7.120","188.246.224.221","alert"
"2023-11-20T15:50:43.139666-0300","10.11.7.120","188.246.224.221","alert"
"2023-11-20T15:50:47.523422-0300","10.11.7.120","188.246.224.221","alert"
"2023-11-20T15:50:51.933757-0300","10.11.7.120","188.246.224.221","alert"
"2023-11-20T15:50:56.328475-0300","10.11.7.120","188.246.224.221","alert"
"2023-11-20T15:51:00.710378-0300","10.11.7.120","188.246.224.221","alert"
"2023-11-20T15:51:05.124042-0300","10.11.7.120","188.246.224.221","alert"
"2023-11-20T15:51:09.525693-0300","10.11.7.120","188.246.224.221","alert"
"2023-11-20T15:51:13.923637-0300","10.11.7.120","188.246.224.221","alert"
"2023-11-20T15:51:13.923637-0300","10.11.7.120","188.246.224.221","alert"
"2023-11-20T15:51:18.304355-0300","10.11.7.120","188.246.224.221","alert"
"2023-11-20T15:51:22.712987-0300","10.11.7.120","188.246.224.221","alert"
"2023-11-20T15:51:27.106690-0300","10.11.7.120","188.246.224.221","alert"
"2023-11-20T15:51:31.499625-0300","10.11.7.120","188.246.224.221","alert"
"2023-11-20T15:51:35.903777-0300","10.11.7.120","188.246.224.221","alert"
"2023-11-20T15:51:40.303885-0300","10.11.7.120","188.246.224.221","alert"
"2023-11-20T15:51:44.727473-0300","10.11.7.120","188.246.224.221","alert"
"2023-11-20T15:51:49.144347-0300","10.11.7.120","188.246.224.221","alert"
"2023-11-20T15:51:53.554770-0300","10.11.7.120","188.246.224.221","alert"
"2023-11-20T15:51:57.977248-0300","10.11.7.120","188.246.224.221","alert"
"2023-11-20T15:52:02.370282-0300","10.11.7.120","188.246.224.221","alert"
"2023-11-20T15:52:06.790270-0300","10.11.7.120","188.246.224.221","alert"
"2023-11-20T15:52:11.183995-0300","10.11.7.120","188.246.224.221","alert"
"2023-11-20T15:52:15.591724-0300","10.11.7.120","188.246.224.221","alert"
"2023-11-20T15:52:20.003733-0300","10.11.7.120","188.246.224.221","alert"
"2023-11-20T15:52:24.380659-0300","10.11.7.120","188.246.224.221","alert"
"2023-11-20T15:52:28.767392-0300","10.11.7.120","188.246.224.221","alert"
"2023-11-20T15:52:33.149272-0300","10.11.7.120","188.246.224.221","alert"
"2023-11-20T15:52:37.538952-0300","10.11.7.120","188.246.224.221","alert"
"2023-11-20T15:52:41.935970-0300","10.11.7.120","188.246.224.221","alert"
"2023-11-20T15:52:46.351094-0300","10.11.7.120","188.246.224.221","alert"
"2023-11-20T15:52:50.747942-0300","10.11.7.120","188.246.224.221","alert"
"2023-11-20T15:52:55.167406-0300","10.11.7.120","188.246.224.221","alert"
"2023-11-20T15:52:59.558125-0300","10.11.7.120","188.246.224.221","alert"
"2023-11-20T15:53:03.961183-0300","10.11.7.120","188.246.224.221","alert"
"2023-11-20T15:53:08.380541-0300","10.11.7.120","188.246.224.221","alert"
"2023-11-20T15:53:12.781395-0300","10.11.7.120","188.246.224.221","alert"
"2023-11-20T15:53:17.175360-0300","10.11.7.120","188.246.224.221","alert"
"2023-11-20T15:53:21.580753-0300","10.11.7.120","188.246.224.221","alert"
"2023-11-20T15:53:25.985327-0300","10.11.7.120","188.246.224.221","alert"
"2023-11-20T15:53:30.380317-0300","10.11.7.120","188.246.224.221","alert"
"2023-11-20T15:53:34.750970-0300","10.11.7.120","188.246.224.221","alert"
"2023-11-20T15:53:39.145340-0300","10.11.7.120","188.246.224.221","alert"
"2023-11-20T15:53:43.534815-0300","10.11.7.120","188.246.224.221","alert"
"2023-11-20T15:53:47.923021-0300","10.11.7.120","188.246.224.221","alert"
"2023-11-20T15:53:52.320165-0300","10.11.7.120","188.246.224.221","alert"
"2023-11-20T15:53:56.727613-0300","10.11.7.120","188.246.224.221","alert"
"2023-11-20T15:54:01.136852-0300","10.11.7.120","188.246.224.221","alert"
"2023-11-20T15:54:05.522336-0300","10.11.7.120","188.246.224.221","alert"
"2023-11-20T15:54:09.924461-0300","10.11.7.120","188.246.224.221","alert"
"2023-11-20T15:54:14.326502-0300","10.11.7.120","188.246.224.221","alert"
"2023-11-20T15:54:18.719960-0300","10.11.7.120","188.246.224.221","alert"
"2023-11-20T15:54:23.117408-0300","10.11.7.120","188.246.224.221","alert"
"2023-11-20T15:54:27.508130-0300","10.11.7.120","188.246.224.221","alert"
"2023-11-20T15:54:31.899718-0300","10.11.7.120","188.246.224.221","alert"
"2023-11-20T15:54:36.303791-0300","10.11.7.120","188.246.224.221","alert"
"2023-11-20T15:54:40.708263-0300","10.11.7.120","188.246.224.221","alert"
"2023-11-20T15:54:45.096857-0300","10.11.7.120","188.246.224.221","alert"
"2023-11-20T15:54:49.490126-0300","10.11.7.120","188.246.224.221","alert"
"2023-11-20T15:54:53.896450-0300","10.11.7.120","188.246.224.221","alert"
"2023-11-20T15:54:58.296429-0300","10.11.7.120","188.246.224.221","alert"
"2023-11-20T15:55:02.679601-0300","10.11.7.120","188.246.224.221","alert"
"2023-11-20T15:55:07.085153-0300","10.11.7.120","188.246.224.221","alert"
"2023-11-20T15:55:11.488966-0300","10.11.7.120","188.246.224.221","alert"
"2023-11-20T15:55:15.883042-0300","10.11.7.120","188.246.224.221","alert"
"2023-11-20T15:55:20.297949-0300","10.11.7.120","188.246.224.221","alert"
"2023-11-20T15:55:24.697889-0300","10.11.7.120","188.246.224.221","alert"
"2023-11-20T15:55:29.090582-0300","10.11.7.120","188.246.224.221","alert"
"2023-11-20T15:55:33.497481-0300","10.11.7.120","188.246.224.221","alert"
"2023-11-20T15:55:37.898429-0300","10.11.7.120","188.246.224.221","alert"
"2023-11-20T15:55:42.300779-0300","10.11.7.120","188.246.224.221","alert"
"2023-11-20T15:55:46.680147-0300","10.11.7.120","188.246.224.221","alert"
"2023-11-20T15:55:51.098884-0300","10.11.7.120","188.246.224.221","alert"
"2023-11-20T15:55:55.498189-0300","10.11.7.120","188.246.224.221","alert"
"2023-11-20T15:55:59.902480-0300","10.11.7.120","188.246.224.221","alert"
"2023-11-20T15:56:04.295111-0300","10.11.7.120","188.246.224.221","alert"
"2023-11-20T15:56:08.699004-0300","10.11.7.120","188.246.224.221","alert"
"2023-11-20T15:56:13.099848-0300","10.11.7.120","188.246.224.221","alert"
"2023-11-20T15:56:17.494638-0300","10.11.7.120","188.246.224.221","alert"
"2023-11-20T15:56:21.903087-0300","10.11.7.120","188.246.224.221","alert"
"2023-11-20T15:56:26.310013-0300","10.11.7.120","188.246.224.221","alert"
"2023-11-20T15:56:26.310013-0300","10.11.7.120","188.246.224.221","alert"
"2023-11-20T15:56:30.722608-0300","10.11.7.120","188.246.224.221","alert"
"2023-11-20T15:56:35.138987-0300","10.11.7.120","188.246.224.221","alert"
"2023-11-20T15:56:39.560510-0300","10.11.7.120","188.246.224.221","alert"
"2023-11-20T15:56:43.954304-0300","10.11.7.120","188.246.224.221","alert"
"2023-11-20T15:56:48.352117-0300","10.11.7.120","188.246.224.221","alert"
"2023-11-20T15:56:52.736155-0300","10.11.7.120","188.246.224.221","alert"
"2023-11-20T15:56:57.123790-0300","10.11.7.120","188.246.224.221","alert"
"2023-11-20T15:57:01.512949-0300","10.11.7.120","188.246.224.221","alert"
"2023-11-20T15:57:05.905781-0300","10.11.7.120","188.246.224.221","alert"
"2023-11-20T15:57:10.318669-0300","10.11.7.120","188.246.224.221","alert"
"2023-11-20T15:57:14.842736-0300","10.11.7.120","188.246.224.221","alert"
"2023-11-20T15:57:19.233337-0300","10.11.7.120","188.246.224.221","alert"
"2023-11-20T15:57:23.625432-0300","10.11.7.120","188.246.224.221","alert"
"2023-11-20T15:57:28.000112-0300","10.11.7.120","188.246.224.221","alert"
"2023-11-20T15:57:32.400761-0300","10.11.7.120","188.246.224.221","alert"
"2023-11-20T15:57:36.809353-0300","10.11.7.120","188.246.224.221","alert"
"2023-11-20T15:57:41.190245-0300","10.11.7.120","188.246.224.221","alert"
"2023-11-20T15:57:45.575967-0300","10.11.7.120","188.246.224.221","alert"
"2023-11-20T15:57:49.984095-0300","10.11.7.120","188.246.224.221","alert"
"2023-11-20T15:57:54.375735-0300","10.11.7.120","188.246.224.221","alert"
"2023-11-20T15:57:58.784008-0300","10.11.7.120","188.246.224.221","alert"
"2023-11-20T15:58:03.200150-0300","10.11.7.120","188.246.224.221","alert"
"2023-11-20T15:58:07.612969-0300","10.11.7.120","188.246.224.221","alert"
"2023-11-20T15:58:11.994447-0300","10.11.7.120","188.246.224.221","alert"
"2023-11-20T15:58:16.397163-0300","10.11.7.120","188.246.224.221","alert"
"2023-11-20T15:58:20.802819-0300","10.11.7.120","188.246.224.221","alert"
"2023-11-20T15:58:25.194063-0300","10.11.7.120","188.246.224.221","alert"
"2023-11-20T15:58:29.599295-0300","10.11.7.120","188.246.224.221","alert"
"2023-11-20T15:58:33.989319-0300","10.11.7.120","188.246.224.221","alert"
"2023-11-20T15:58:38.374643-0300","10.11.7.120","188.246.224.221","alert"
"2023-11-20T15:58:42.774306-0300","10.11.7.120","188.246.224.221","alert"
"2023-11-20T15:58:47.174463-0300","10.11.7.120","188.246.224.221","alert"
"2023-11-20T15:58:51.572117-0300","10.11.7.120","188.246.224.221","alert"
"2023-11-20T15:58:55.963837-0300","10.11.7.120","188.246.224.221","alert"
"2023-11-20T15:59:00.372010-0300","10.11.7.120","188.246.224.221","alert"
"2023-11-20T15:59:04.778500-0300","10.11.7.120","188.246.224.221","alert"
"2023-11-20T15:59:09.179285-0300","10.11.7.120","188.246.224.221","alert"
"2023-11-20T15:59:13.572803-0300","10.11.7.120","188.246.224.221","alert"
"2023-11-20T15:59:17.971214-0300","10.11.7.120","188.246.224.221","alert"
"2023-11-20T15:59:22.362986-0300","10.11.7.120","188.246.224.221","alert"
"2023-11-20T15:59:26.755288-0300","10.11.7.120","188.246.224.221","alert"
"2023-11-20T15:59:31.159023-0300","10.11.7.120","188.246.224.221","alert"
"2023-11-20T15:59:35.554664-0300","10.11.7.120","188.246.224.221","alert"
"2023-11-20T15:59:39.942683-0300","10.11.7.120","188.246.224.221","alert"
"2023-11-20T15:59:44.340040-0300","10.11.7.120","188.246.224.221","alert"
"2023-11-20T15:59:48.729883-0300","10.11.7.120","188.246.224.221","alert"
"2023-11-20T15:59:53.117890-0300","10.11.7.120","188.246.224.221","alert"
"2023-11-20T15:59:57.522829-0300","10.11.7.120","188.246.224.221","alert"
"2023-11-20T16:00:01.930534-0300","10.11.7.120","188.246.224.221","alert"
"2023-11-20T16:00:06.320187-0300","10.11.7.120","188.246.224.221","alert"
"2023-11-20T16:00:10.712273-0300","10.11.7.120","188.246.224.221","alert"
"2023-11-20T16:00:15.095171-0300","10.11.7.120","188.246.224.221","alert"
"2023-11-20T16:00:19.497006-0300","10.11.7.120","188.246.224.221","alert"
"2023-11-20T16:00:23.889804-0300","10.11.7.120","188.246.224.221","alert"
"2023-11-20T16:00:28.301592-0300","10.11.7.120","188.246.224.221","alert"
"2023-11-20T16:00:32.699055-0300","10.11.7.120","188.246.224.221","alert"
"2023-11-20T16:00:37.096964-0300","10.11.7.120","188.246.224.221","alert"
"2023-11-20T16:00:41.494966-0300","10.11.7.120","188.246.224.221","alert"
"2023-11-20T16:00:45.894140-0300","10.11.7.120","188.246.224.221","alert"
"2023-11-20T16:00:50.319384-0300","10.11.7.120","188.246.224.221","alert"
"2023-11-20T16:00:54.722376-0300","10.11.7.120","188.246.224.221","alert"
"2023-11-20T16:00:59.123306-0300","10.11.7.120","188.246.224.221","alert"
"2023-11-20T16:01:03.516379-0300","10.11.7.120","188.246.224.221","alert"
"2023-11-20T16:01:07.913646-0300","10.11.7.120","188.246.224.221","alert"
"2023-11-20T16:01:12.288981-0300","10.11.7.120","188.246.224.221","alert"
"2023-11-20T16:01:16.687356-0300","10.11.7.120","188.246.224.221","alert"
"2023-11-20T16:01:21.094872-0300","10.11.7.120","188.246.224.221","alert"
"2023-11-20T16:01:25.486108-0300","10.11.7.120","188.246.224.221","alert"
"2023-11-20T16:01:29.856112-0300","10.11.7.120","188.246.224.221","alert"
"2023-11-20T16:01:34.235322-0300","10.11.7.120","188.246.224.221","alert"
"2023-11-20T16:01:38.631706-0300","10.11.7.120","188.246.224.221","alert"
"2023-11-20T16:01:43.006190-0300","10.11.7.120","188.246.224.221","alert"
"2023-11-20T16:01:47.413381-0300","10.11.7.120","188.246.224.221","alert"
"2023-11-20T16:01:51.798269-0300","10.11.7.120","188.246.224.221","alert"
"2023-11-20T16:01:51.798269-0300","10.11.7.120","188.246.224.221","alert"
"2023-11-20T16:01:56.180434-0300","10.11.7.120","188.246.224.221","alert"
"2023-11-20T16:02:00.583186-0300","10.11.7.120","188.246.224.221","alert"
"2023-11-20T16:02:05.010780-0300","10.11.7.120","188.246.224.221","alert"
"2023-11-20T16:02:09.419537-0300","10.11.7.120","188.246.224.221","alert"
"2023-11-20T16:02:13.812661-0300","10.11.7.120","188.246.224.221","alert"
"2023-11-20T16:02:18.209536-0300","10.11.7.120","188.246.224.221","alert"
"2023-11-20T16:02:22.609909-0300","10.11.7.120","188.246.224.221","alert"
"2023-11-20T16:02:26.997164-0300","10.11.7.120","188.246.224.221","alert"
"2023-11-20T16:02:31.397527-0300","10.11.7.120","188.246.224.221","alert"
"2023-11-20T16:02:35.817261-0300","10.11.7.120","188.246.224.221","alert"
"2023-11-20T16:02:40.210230-0300","10.11.7.120","188.246.224.221","alert"
"2023-11-20T16:02:44.610575-0300","10.11.7.120","188.246.224.221","alert"
"2023-11-20T16:02:56.016904-0300","10.11.7.120","188.246.224.221","alert"
"2023-11-20T16:03:00.399367-0300","10.11.7.120","188.246.224.221","alert"
"2023-11-20T16:03:04.789078-0300","10.11.7.120","188.246.224.221","alert"
"2023-11-20T16:03:09.186613-0300","10.11.7.120","188.246.224.221","alert"
"2023-11-20T16:03:13.568514-0300","10.11.7.120","188.246.224.221","alert"
"2023-11-20T16:03:17.969003-0300","10.11.7.120","188.246.224.221","alert"
"2023-11-20T16:03:22.365245-0300","10.11.7.120","188.246.224.221","alert"
"2023-11-20T16:03:26.771479-0300","10.11.7.120","188.246.224.221","alert"
"2023-11-20T16:03:31.188978-0300","10.11.7.120","188.246.224.221","alert"
"2023-11-20T16:03:35.583719-0300","10.11.7.120","188.246.224.221","alert"
"2023-11-20T16:03:39.987937-0300","10.11.7.120","188.246.224.221","alert"
"2023-11-20T16:03:44.390170-0300","10.11.7.120","188.246.224.221","alert"
"2023-11-20T16:03:48.789869-0300","10.11.7.120","188.246.224.221","alert"
"2023-11-20T16:03:53.177522-0300","10.11.7.120","188.246.224.221","alert"
"2023-11-20T16:03:57.577690-0300","10.11.7.120","188.246.224.221","alert"
"2023-11-20T16:04:01.975220-0300","10.11.7.120","188.246.224.221","alert"
"2023-11-20T16:04:06.397321-0300","10.11.7.120","188.246.224.221","alert"
"2023-11-20T16:04:10.792475-0300","10.11.7.120","188.246.224.221","alert"
"2023-11-20T16:04:15.185056-0300","10.11.7.120","188.246.224.221","alert"
"2023-11-20T16:04:19.569771-0300","10.11.7.120","188.246.224.221","alert"
"2023-11-20T16:04:23.965086-0300","10.11.7.120","188.246.224.221","alert"
"2023-11-20T16:04:28.362032-0300","10.11.7.120","188.246.224.221","alert"
"2023-11-20T16:04:32.765400-0300","10.11.7.120","188.246.224.221","alert"
"2023-11-20T16:04:37.174103-0300","10.11.7.120","188.246.224.221","alert"
"2023-11-20T16:04:41.569466-0300","10.11.7.120","188.246.224.221","alert"
"2023-11-20T16:04:45.979897-0300","10.11.7.120","188.246.224.221","alert"
"2023-11-20T16:04:50.379656-0300","10.11.7.120","188.246.224.221","alert"
"2023-11-20T16:04:54.811847-0300","10.11.7.120","188.246.224.221","alert"
"2023-11-20T16:04:59.206356-0300","10.11.7.120","188.246.224.221","alert"
"2023-11-20T16:05:03.621342-0300","10.11.7.120","188.246.224.221","alert"
"2023-11-20T16:05:08.018228-0300","10.11.7.120","188.246.224.221","alert"
"2023-11-20T16:05:12.533717-0300","10.11.7.120","188.246.224.221","alert"
"2023-11-20T16:05:16.936442-0300","10.11.7.120","188.246.224.221","alert"
"2023-11-20T16:05:21.326022-0300","10.11.7.120","188.246.224.221","alert"
"2023-11-20T16:05:25.713792-0300","10.11.7.120","188.246.224.221","alert"
"2023-11-20T16:05:30.100990-0300","10.11.7.120","188.246.224.221","alert"
"2023-11-20T16:05:34.483115-0300","10.11.7.120","188.246.224.221","alert"
"2023-11-20T16:05:38.889486-0300","10.11.7.120","188.246.224.221","alert"
"2023-11-20T16:05:43.291622-0300","10.11.7.120","188.246.224.221","alert"
"2023-11-20T16:05:47.685292-0300","10.11.7.120","188.246.224.221","alert"
"2023-11-20T16:05:52.060094-0300","10.11.7.120","188.246.224.221","alert"
"2023-11-20T16:05:56.450531-0300","10.11.7.120","188.246.224.221","alert"
"2023-11-20T16:06:00.855518-0300","10.11.7.120","188.246.224.221","alert"
"2023-11-20T16:06:05.250078-0300","10.11.7.120","188.246.224.221","alert"
"2023-11-20T16:06:09.646836-0300","10.11.7.120","188.246.224.221","alert"
"2023-11-20T16:06:14.047254-0300","10.11.7.120","188.246.224.221","alert"
"2023-11-20T16:06:18.435620-0300","10.11.7.120","188.246.224.221","alert"
"2023-11-20T16:06:22.820306-0300","10.11.7.120","188.246.224.221","alert"
"2023-11-20T16:06:27.231970-0300","10.11.7.120","188.246.224.221","alert"
"2023-11-20T16:06:31.621891-0300","10.11.7.120","188.246.224.221","alert"
"2023-11-20T16:06:36.024472-0300","10.11.7.120","188.246.224.221","alert"
"2023-11-20T16:06:40.421554-0300","10.11.7.120","188.246.224.221","alert"
"2023-11-20T16:06:44.849802-0300","10.11.7.120","188.246.224.221","alert"
"2023-11-20T16:06:49.269768-0300","10.11.7.120","188.246.224.221","alert"
"2023-11-20T16:06:53.662009-0300","10.11.7.120","188.246.224.221","alert"
"2023-11-20T16:06:58.089643-0300","10.11.7.120","188.246.224.221","alert"
"2023-11-20T16:07:02.491472-0300","10.11.7.120","188.246.224.221","alert"
"2023-11-20T16:07:06.896107-0300","10.11.7.120","188.246.224.221","alert"
"2023-11-20T16:07:11.294622-0300","10.11.7.120","188.246.224.221","alert"
"2023-11-20T16:07:11.294622-0300","10.11.7.120","188.246.224.221","alert"
"2023-11-20T16:07:15.668741-0300","10.11.7.120","188.246.224.221","alert"
"2023-11-20T16:07:20.050036-0300","10.11.7.120","188.246.224.221","alert"
"2023-11-20T16:07:24.439636-0300","10.11.7.120","188.246.224.221","alert"
"2023-11-20T16:07:28.846855-0300","10.11.7.120","188.246.224.221","alert"
"2023-11-20T16:07:33.243506-0300","10.11.7.120","188.246.224.221","alert"
"2023-11-20T16:07:37.643793-0300","10.11.7.120","188.246.224.221","alert"
"2023-11-20T16:07:42.046758-0300","10.11.7.120","188.246.224.221","alert"
"2023-11-20T16:07:46.437895-0300","10.11.7.120","188.246.224.221","alert"
"2023-11-20T16:07:50.840988-0300","10.11.7.120","188.246.224.221","alert"
"2023-11-20T16:07:55.233221-0300","10.11.7.120","188.246.224.221","alert"
"2023-11-20T16:07:59.610301-0300","10.11.7.120","188.246.224.221","alert"
"2023-11-20T16:08:03.999632-0300","10.11.7.120","188.246.224.221","alert"
"2023-11-20T16:08:08.395669-0300","10.11.7.120","188.246.224.221","alert"
"2023-11-20T16:08:12.805450-0300","10.11.7.120","188.246.224.221","alert"
"2023-11-20T16:08:17.189832-0300","10.11.7.120","188.246.224.221","alert"
"2023-11-20T16:08:21.589857-0300","10.11.7.120","188.246.224.221","alert"
"2023-11-20T16:08:25.982214-0300","10.11.7.120","188.246.224.221","alert"
"2023-11-20T16:08:30.362214-0300","10.11.7.120","188.246.224.221","alert"
"2023-11-20T16:08:34.772093-0300","10.11.7.120","188.246.224.221","alert"
"2023-11-20T16:08:39.182283-0300","10.11.7.120","188.246.224.221","alert"
"2023-11-20T16:08:43.572260-0300","10.11.7.120","188.246.224.221","alert"
"2023-11-20T16:08:47.959457-0300","10.11.7.120","188.246.224.221","alert"
"2023-11-20T16:08:52.364471-0300","10.11.7.120","188.246.224.221","alert"
"2023-11-20T16:08:56.762019-0300","10.11.7.120","188.246.224.221","alert"
"2023-11-20T16:09:01.150738-0300","10.11.7.120","188.246.224.221","alert"
"2023-11-20T16:09:05.561151-0300","10.11.7.120","188.246.224.221","alert"
"2023-11-20T16:09:09.989507-0300","10.11.7.120","188.246.224.221","alert"
"2023-11-20T16:09:14.391183-0300","10.11.7.120","188.246.224.221","alert"
"2023-11-20T16:09:18.791624-0300","10.11.7.120","188.246.224.221","alert"
"2023-11-20T16:09:23.169311-0300","10.11.7.120","188.246.224.221","alert"
"2023-11-20T16:09:27.553519-0300","10.11.7.120","188.246.224.221","alert"
"2023-11-20T16:09:31.963971-0300","10.11.7.120","188.246.224.221","alert"
"2023-11-20T16:09:36.363008-0300","10.11.7.120","188.246.224.221","alert"
"2023-11-20T16:09:40.770782-0300","10.11.7.120","188.246.224.221","alert"
"2023-11-20T16:09:45.157728-0300","10.11.7.120","188.246.224.221","alert"
"2023-11-20T16:09:49.572793-0300","10.11.7.120","188.246.224.221","alert"
"2023-11-20T16:09:53.970917-0300","10.11.7.120","188.246.224.221","alert"
"2023-11-20T16:09:58.392496-0300","10.11.7.120","188.246.224.221","alert"
"2023-11-20T16:10:02.802501-0300","10.11.7.120","188.246.224.221","alert"
"2023-11-20T16:10:07.215524-0300","10.11.7.120","188.246.224.221","alert"
"2023-11-20T16:10:11.590923-0300","10.11.7.120","188.246.224.221","alert"
"2023-11-20T16:10:15.980364-0300","10.11.7.120","188.246.224.221","alert"
"2023-11-20T16:10:20.379958-0300","10.11.7.120","188.246.224.221","alert"
"2023-11-20T16:10:24.761863-0300","10.11.7.120","188.246.224.221","alert"
"2023-11-20T16:10:29.172726-0300","10.11.7.120","188.246.224.221","alert"
"2023-11-20T16:10:33.566629-0300","10.11.7.120","188.246.224.221","alert"
"2023-11-20T16:10:37.967639-0300","10.11.7.120","188.246.224.221","alert"
"2023-11-20T16:10:42.367025-0300","10.11.7.120","188.246.224.221","alert"
"2023-11-20T16:10:46.755017-0300","10.11.7.120","188.246.224.221","alert"
"2023-11-20T16:10:51.165728-0300","10.11.7.120","188.246.224.221","alert"
"2023-11-20T16:10:55.582540-0300","10.11.7.120","188.246.224.221","alert"
"2023-11-20T16:10:59.975562-0300","10.11.7.120","188.246.224.221","alert"
"2023-11-20T16:11:04.369487-0300","10.11.7.120","188.246.224.221","alert"
"2023-11-20T16:11:08.771429-0300","10.11.7.120","188.246.224.221","alert"
"2023-11-20T16:11:13.179958-0300","10.11.7.120","188.246.224.221","alert"
"2023-11-20T16:11:17.564355-0300","10.11.7.120","188.246.224.221","alert"
"2023-11-20T16:11:21.969011-0300","10.11.7.120","188.246.224.221","alert"
"2023-11-20T16:11:26.489121-0300","10.11.7.120","188.246.224.221","alert"
"2023-11-20T16:11:30.915079-0300","10.11.7.120","188.246.224.221","alert"
"2023-11-20T16:11:35.295748-0300","10.11.7.120","188.246.224.221","alert"
"2023-11-20T16:11:39.685495-0300","10.11.7.120","188.246.224.221","alert"
"2023-11-20T16:11:44.075542-0300","10.11.7.120","188.246.224.221","alert"
"2023-11-20T16:11:48.466472-0300","10.11.7.120","188.246.224.221","alert"
"2023-11-20T16:11:52.843509-0300","10.11.7.120","188.246.224.221","alert"
"2023-11-20T16:11:57.238243-0300","10.11.7.120","188.246.224.221","alert"
"2023-11-20T16:12:01.658403-0300","10.11.7.120","188.246.224.221","alert"
"2023-11-20T16:12:06.066422-0300","10.11.7.120","188.246.224.221","alert"
"2023-11-20T16:12:10.479596-0300","10.11.7.120","188.246.224.221","alert"
"2023-11-20T16:12:14.885841-0300","10.11.7.120","188.246.224.221","alert"
"2023-11-20T16:12:19.297787-0300","10.11.7.120","188.246.224.221","alert"
"2023-11-20T16:12:23.712560-0300","10.11.7.120","188.246.224.221","alert"
"2023-11-20T16:12:28.107487-0300","10.11.7.120","188.246.224.221","alert"
"2023-11-20T16:12:28.107487-0300","10.11.7.120","188.246.224.221","alert"
"2023-11-20T16:12:32.501082-0300","10.11.7.120","188.246.224.221","alert"
"2023-11-20T16:12:36.897848-0300","10.11.7.120","188.246.224.221","alert"
"2023-11-20T16:12:41.294402-0300","10.11.7.120","188.246.224.221","alert"
"2023-11-20T16:12:45.702197-0300","10.11.7.120","188.246.224.221","alert"
"2023-11-20T16:12:50.114522-0300","10.11.7.120","188.246.224.221","alert"
"2023-11-20T16:12:54.518090-0300","10.11.7.120","188.246.224.221","alert"
"2023-11-20T16:12:58.918737-0300","10.11.7.120","188.246.224.221","alert"
"2023-11-20T16:13:03.297893-0300","10.11.7.120","188.246.224.221","alert"
"2023-11-20T16:13:07.721920-0300","10.11.7.120","188.246.224.221","alert"
"2023-11-20T16:13:12.109611-0300","10.11.7.120","188.246.224.221","alert"
"2023-11-20T16:13:16.495301-0300","10.11.7.120","188.246.224.221","alert"
"2023-11-20T16:13:20.877773-0300","10.11.7.120","188.246.224.221","alert"
"2023-11-20T16:13:25.294038-0300","10.11.7.120","188.246.224.221","alert"
"2023-11-20T16:13:29.686268-0300","10.11.7.120","188.246.224.221","alert"
"2023-11-20T16:13:34.081358-0300","10.11.7.120","188.246.224.221","alert"
"2023-11-20T16:13:38.484395-0300","10.11.7.120","188.246.224.221","alert"
"2023-11-20T16:13:42.881712-0300","10.11.7.120","188.246.224.221","alert"
"2023-11-20T16:13:47.296175-0300","10.11.7.120","188.246.224.221","alert"
"2023-11-20T16:13:51.672453-0300","10.11.7.120","188.246.224.221","alert"
"2023-11-20T16:13:56.064474-0300","10.11.7.120","188.246.224.221","alert"
"2023-11-20T16:14:00.467724-0300","10.11.7.120","188.246.224.221","alert"
"2023-11-20T16:14:04.868314-0300","10.11.7.120","188.246.224.221","alert"
"2023-11-20T16:14:09.279151-0300","10.11.7.120","188.246.224.221","alert"
"2023-11-20T16:14:13.655497-0300","10.11.7.120","188.246.224.221","alert"
"2023-11-20T16:14:18.070641-0300","10.11.7.120","188.246.224.221","alert"
"2023-11-20T16:14:22.462508-0300","10.11.7.120","188.246.224.221","alert"
"2023-11-20T16:14:26.855219-0300","10.11.7.120","188.246.224.221","alert"
"2023-11-20T16:14:31.237475-0300","10.11.7.120","188.246.224.221","alert"
"2023-11-20T16:14:35.611456-0300","10.11.7.120","188.246.224.221","alert"
"2023-11-20T16:14:40.016570-0300","10.11.7.120","188.246.224.221","alert"
"2023-11-20T16:14:44.427197-0300","10.11.7.120","188.246.224.221","alert"
"2023-11-20T16:14:48.836545-0300","10.11.7.120","188.246.224.221","alert"
"2023-11-20T16:14:53.242939-0300","10.11.7.120","188.246.224.221","alert"
"2023-11-20T16:14:57.633738-0300","10.11.7.120","188.246.224.221","alert"
"2023-11-20T16:15:02.052896-0300","10.11.7.120","188.246.224.221","alert"
"2023-11-20T16:15:06.452654-0300","10.11.7.120","188.246.224.221","alert"
"2023-11-20T16:15:10.868563-0300","10.11.7.120","188.246.224.221","alert"
"2023-11-20T16:15:15.264130-0300","10.11.7.120","188.246.224.221","alert"
"2023-11-20T16:15:19.685405-0300","10.11.7.120","188.246.224.221","alert"
"2023-11-20T16:15:24.103951-0300","10.11.7.120","188.246.224.221","alert"
"2023-11-20T16:15:28.484524-0300","10.11.7.120","188.246.224.221","alert"
"2023-11-20T16:15:32.877362-0300","10.11.7.120","188.246.224.221","alert"
"2023-11-20T16:15:37.284987-0300","10.11.7.120","188.246.224.221","alert"
"2023-11-20T16:15:41.686395-0300","10.11.7.120","188.246.224.221","alert"
"2023-11-20T16:15:46.113575-0300","10.11.7.120","188.246.224.221","alert"
"2023-11-20T16:15:50.518099-0300","10.11.7.120","188.246.224.221","alert"
"2023-11-20T16:15:54.923041-0300","10.11.7.120","188.246.224.221","alert"
"2023-11-20T16:15:59.343932-0300","10.11.7.120","188.246.224.221","alert"
"2023-11-20T16:16:03.731718-0300","10.11.7.120","188.246.224.221","alert"
"2023-11-20T16:16:08.117990-0300","10.11.7.120","188.246.224.221","alert"
"2023-11-20T16:16:12.510299-0300","10.11.7.120","188.246.224.221","alert"
"2023-11-20T16:16:16.923620-0300","10.11.7.120","188.246.224.221","alert"
"2023-11-20T16:16:21.313917-0300","10.11.7.120","188.246.224.221","alert"
"2023-11-20T16:16:25.714437-0300","10.11.7.120","188.246.224.221","alert"
"2023-11-20T16:16:30.125564-0300","10.11.7.120","188.246.224.221","alert"
"2023-11-20T16:16:34.533158-0300","10.11.7.120","188.246.224.221","alert"
"2023-11-20T16:16:38.939439-0300","10.11.7.120","188.246.224.221","alert"
"2023-11-20T16:16:43.328852-0300","10.11.7.120","188.246.224.221","alert"
"2023-11-20T16:16:47.742841-0300","10.11.7.120","188.246.224.221","alert"
"2023-11-20T16:16:52.143122-0300","10.11.7.120","188.246.224.221","alert"
"2023-11-20T16:16:56.549676-0300","10.11.7.120","188.246.224.221","alert"
"2023-11-20T16:17:00.949508-0300","10.11.7.120","188.246.224.221","alert"
"2023-11-20T16:17:05.357155-0300","10.11.7.120","188.246.224.221","alert"
"2023-11-20T16:17:09.757004-0300","10.11.7.120","188.246.224.221","alert"
"2023-11-20T16:17:14.142039-0300","10.11.7.120","188.246.224.221","alert"
"2023-11-20T16:17:18.552159-0300","10.11.7.120","188.246.224.221","alert"
"2023-11-20T16:17:22.970559-0300","10.11.7.120","188.246.224.221","alert"
"2023-11-20T16:17:27.383695-0300","10.11.7.120","188.246.224.221","alert"
"2023-11-20T16:17:31.796657-0300","10.11.7.120","188.246.224.221","alert"
"2023-11-20T16:17:36.239642-0300","10.11.7.120","188.246.224.221","alert"
"2023-11-20T16:17:40.641689-0300","10.11.7.120","188.246.224.221","alert"
"2023-11-20T16:17:45.041773-0300","10.11.7.120","188.246.224.221","alert"
"2023-11-20T16:17:49.426510-0300","10.11.7.120","188.246.224.221","alert"
"2023-11-20T16:17:53.801390-0300","10.11.7.120","188.246.224.221","alert"
"2023-11-20T16:17:58.184314-0300","10.11.7.120","188.246.224.221","alert"
"2023-11-20T16:18:02.596038-0300","10.11.7.120","188.246.224.221","alert"
"2023-11-20T16:18:02.596038-0300","10.11.7.120","188.246.224.221","alert"
"2023-11-20T16:18:07.021521-0300","10.11.7.120","188.246.224.221","alert"
"2023-11-20T16:18:11.429400-0300","10.11.7.120","188.246.224.221","alert"
"2023-11-20T16:18:15.808139-0300","10.11.7.120","188.246.224.221","alert"
"2023-11-20T16:18:20.215874-0300","10.11.7.120","188.246.224.221","alert"
"2023-11-20T16:18:24.608297-0300","10.11.7.120","188.246.224.221","alert"
"2023-11-20T16:18:29.000897-0300","10.11.7.120","188.246.224.221","alert"
"2023-11-20T16:18:33.400096-0300","10.11.7.120","188.246.224.221","alert"
"2023-11-20T16:18:37.779027-0300","10.11.7.120","188.246.224.221","alert"
"2023-11-20T16:18:42.170118-0300","10.11.7.120","188.246.224.221","alert"
"2023-11-20T16:18:46.566628-0300","10.11.7.120","188.246.224.221","alert"
"2023-11-20T16:18:50.949937-0300","10.11.7.120","188.246.224.221","alert"
"2023-11-20T16:18:55.356620-0300","10.11.7.120","188.246.224.221","alert"
"2023-11-20T16:18:59.765139-0300","10.11.7.120","188.246.224.221","alert"
"2023-11-20T16:19:04.172552-0300","10.11.7.120","188.246.224.221","alert"
"2023-11-20T16:19:08.615933-0300","10.11.7.120","188.246.224.221","alert"
"2023-11-20T16:19:13.019895-0300","10.11.7.120","188.246.224.221","alert"
"2023-11-20T16:19:17.419765-0300","10.11.7.120","188.246.224.221","alert"
"2023-11-20T16:19:21.834357-0300","10.11.7.120","188.246.224.221","alert"
"2023-11-20T16:19:26.230989-0300","10.11.7.120","188.246.224.221","alert"
